[{"manufacturerId":19985678,"name":"Happy End Searching","addressline1":"5 81st Street","addressline2":"Suite 100","city":"Mountain View","state":"CA","zip":"94043","phone":"650-555-0102","fax":"408-555-0103","email":"happysearching@example.com","rep":"John Snow"},{"manufacturerId":19986982,"name":"Smith Bird Watching","addressline1":"4000 Finch Circle","addressline2":"Building 14","city":"Santa Clara","state":"CA","zip":"95051","phone":"650-555-0111","fax":"408-555-0112","email":"www.sbw@example.com","rep":"Brian Washington"},{"manufacturerId":19974892,"name":"Wilson Fish Co","addressline1":"20959 Whalers Ave","addressline2":"Building 3","city":"San Jose","state":"OH","zip":"95128","phone":"650-555-0133","fax":"408-555-0133","email":"www.wilsonfish@example.com","rep":"Matthew Williams"},{"manufacturerId":19986196,"name":"James Deli","addressline1":"250 Marinade Blvd","addressline2":"Suite C","city":"Novato","state":"IL","zip":"94949","phone":"650-555-0144","fax":"408-555-0145","email":"www.jdeli@example.net","rep":"Phil Jones"},{"manufacturerId":19978451,"name":"All Sushi","addressline1":"399 San Pablo Ave","addressline2":"Building 600","city":"Cleveland","state":"CA","zip":"94530","phone":"650-555-0140","fax":"408-555-0143","email":"www.allsushi@example.com","rep":"Teresa Ho"},{"manufacturerId":19982461,"name":"Soft Cables","addressline1":"9988 Main Upper Street","addressline2":"Suite 100","city":"Indianapolis","state":"IA","zip":"46290","phone":"650-555-0151","fax":"408-555-0152","email":"www.cbales@example.com","rep":"Henry Adams"},{"manufacturerId":19984899,"name":"Mike Recording Industries","addressline1":"5109 Union Street Road","addressline2":"Building 8A","city":"San Alfred","state":"CA","zip":"94123","phone":"415-555-0166","fax":"415-555-0165","email":"www.mikerecording@example.com","rep":"Mike Black"},{"manufacturerId":19965794,"name":"Easy Reach Telephones","addressline1":"975 El Camino Circle","addressline2":"Suite 4055","city":"Santa Clara","state":"VA","zip":"95051","phone":"408-555-0167","fax":"408-555-0168","email":"www.easyreach@example.com","rep":"Walter James"},{"manufacturerId":19955656,"name":"Soft Circle Opticians","addressline1":"95 Eastway Clearview Drive","addressline2":"Building 1","city":"Boston","state":"MA","zip":"02100","phone":"617-555-0171","fax":"617-555-0172","email":"www.softcircle@example.com","rep":"Alfred Nelson"},{"manufacturerId":19989719,"name":"Fast Boards","addressline1":"1000 Van Nuys Lane","addressline2":"Suite 904537","city":"Van Nuys","state":"VT","zip":"91405","phone":"800-555-0173","fax":"800-555-0174","email":"www.fboards@example.com","rep":"Julie Board"},{"manufacturerId":19977775,"name":"Sams Photo Center","addressline1":"9447 West 13th Street","addressline2":"Suite 25","city":"Reading","state":"MN","zip":"01867","phone":"617-555-0177","fax":"617-555-0178","email":"www.photctr@example.com","rep":"Laurie Brown"},{"manufacturerId":19948494,"name":"Computer Support Center","addressline1":"5632 Michigam Ave","addressline2":" ","city":"Dearborn","state":"RI","zip":"48127","phone":"313-555-0181","fax":"313-555-0182","email":"www.comsup.example.net","rep":"Sam Wright"},{"manufacturerId":19971233,"name":"Bills Bank and Sons","addressline1":"5960 Inglewood Pkwy","addressline2":"Building C5","city":"Pleasantville","state":"WI","zip":"94588","phone":"408-555-0183","fax":"408-555-0184","email":"www.billbank@example.com","rep":"Frank Smith"},{"manufacturerId":19980198,"name":"Pleasant Enterprises","addressline1":"76342 865th Ave","addressline2":"Suite 450","city":"New York","state":"NY","zip":"10044","phone":"212-555-0184","fax":"212-555-0185","email":"www.pleasant@example.com","rep":"Louis Lewis"},{"manufacturerId":19960022,"name":"Super Computer Products","addressline1":"63 Garcia Rock Way","addressline2":"Floor 22","city":"Albuqerque","state":"NM","zip":"87119","phone":"505-555-0193","fax":"505-555-0193","email":"www.supercomputer@example.com","rep":"Tom Cross"},{"manufacturerId":19986542,"name":"Florenc Bakery","addressline1":"795 Stone Flour Road","addressline2":"Suite 4","city":"Tombstone","state":"DE","zip":"85638","phone":"602-555-0182","fax":"602-555-0188","email":"florenc.example.com","rep":"Jeff Green"},{"manufacturerId":19977346,"name":"Upper Cargo Lift Services","addressline1":"2845 Smith Under Road","addressline2":"Suite 7","city":"San Mateo","state":"GA","zip":"94403","phone":"650-555-0171","fax":"650-555-0172","email":"uppercargo.example.com","rep":"Frank Peters"},{"manufacturerId":19977347,"name":"Super Savings Pharmacy","addressline1":"56 Broadway Lane","addressline2":"Floor 123","city":"Oakland","state":"NH","zip":"98123","phone":"510-555-0173","fax":"510-555-0173","email":"superpharmace.example.com","rep":"Tom Brown"},{"manufacturerId":19977348,"name":"Early Posting Corp","addressline1":"235 E Market St.","addressline2":"Suite 1","city":"San David","state":"CA","zip":"94567","phone":"415-555-0138","fax":"415-555-0139","email":"superposting.example.com","rep":"John Adams"},{"manufacturerId":19963322,"name":"Pauls Dairy","addressline1":"236 Hill Street Lane","addressline2":"Suite 6","city":"Orlando","state":"CA","zip":"94567","phone":"415-555-0140","fax":"415-555-0141","email":"paulsdairy.example.com","rep":"John White"},{"manufacturerId":19963323,"name":"Joseph Ironworks","addressline1":"7655 382nd Street","addressline2":"Suite 200","city":"Mountainside","state":"TX","zip":"94043","phone":"408-555-0122","fax":"408-555-0128","email":"joseph.ironworks@example.com","rep":"John Green"},{"manufacturerId":19963324,"name":"Nails and Screws","addressline1":"7654 First Avenue","addressline2":"Suite 1005","city":"Ypsilanti","state":"MI","zip":"94043","phone":"302-555-0191","fax":"302-555-0193","email":"nails.screws@example.com","rep":"Fred Stanford"},{"manufacturerId":19963325,"name":"Main Beauty Hair Salon","addressline1":"44 Overload Street","addressline2":"Building 150","city":"Chicago","state":"WA","zip":"94043","phone":"211-555-0182","fax":"211-555-0183","email":"mainbeauty@example.com","rep":"7 of 9"},{"manufacturerId":19985590,"name":"Birders United","addressline1":"4000 Cormorant Circle","addressline2":"Building 14","city":"Burlington","state":"OR","zip":"95051","phone":"206-555-0178","fax":"206-555-0179","email":"ann.jones@example.com","rep":"Ann Jones"},{"manufacturerId":19955564,"name":"Birders United","addressline1":"4000 Cormorant Circle","addressline2":"Building 15","city":"Burlington","state":"OR","zip":"95051","phone":"206-555-0179","fax":"206-555-0179","email":"phil@example.com","rep":"Phil Waters"},{"manufacturerId":19955565,"name":"Birders United","addressline1":"4000 Cormorant Circle","addressline2":"Building 16","city":"Burlington","state":"OR","zip":"95051","phone":"206-555-0180","fax":"206-555-0179","email":"birders@example.com","rep":"Birders"},{"manufacturerId":19984681,"name":"Birders United","addressline1":"4000 Cormorant Circle","addressline2":"Building 17","city":"Burlington","state":"OR","zip":"95051","phone":"206-555-0181","fax":"206-555-0179","email":"returnpalace@example.com","rep":"Nick Phillips"},{"manufacturerId":19984682,"name":"Birders United","addressline1":"4000 Cormorant Circle","addressline2":"Building 18","city":"Burlington","state":"OR","zip":"95051","phone":"206-555-0182","fax":"206-555-0179","email":"brian@example.com","rep":"Brian Brown"},{"manufacturerId":19941212,"name":"Birders United","addressline1":"4000 Cormorant Circle","addressline2":"Building 19","city":"Burlington","state":"OR","zip":"95051","phone":"206-555-0183","fax":"206-555-0179","email":"bill@example.com","rep":"Bill Snider"},{"manufacturerId":19987296,"name":"Birders United","addressline1":"4000 Cormorant Circle","addressline2":"Building 20","city":"Burlington","state":"OR","zip":"95051","phone":"206-555-0184","fax":"206-555-0179","email":"gerard@example.com","rep":"Jerry Young"}]